25994,37669,30307,31366,28511,30130,33183,31299,34761,28664,37277,33354,32369,32507,25648,27966,34009,35601,27676,36440,37073,35265,35077,23896,33227,30527,27349,30304,28387,34340,29985,24846,28389,26656,39362,35441,35663,33704,30661,31459,38295,31489,35078,23925,32312,33024,35076,29714,29199,37811,29926,38645,32789,35117,28062,27160,35858,37483,35328,32725,38785,34452,30861,29981,34316,30176,33902,34780,30692,32768,29667,31926,28985,38120,30288,31069,31328,26754,34752,27496,39853,28399,25882,29347,40763,33853,34595,32738,27666,33245,30522,28308,34843,27711,35539,34168,29033,28499,28795,36562,32199,38014,25688,32048,27157,29743,29641,36893,22824,31623,35748,36583,25869,35054,38653,35403,35409,28478,31184,32992
25081,29019,22813,35222,36288,32589,29434,31881,30742,39654,33194,23465,38790,29749,25014,23071,37135,28394,28022,31654,30714,26872,32942,34143,37818,33706,29349,35541,38207,32506,23793,41362,26192,32133,26209,31166,37334,27900,40317,17583,29541,32480,31178,26162,32022,35737,28765,30032,35486,34656,37747,26884,32364,24489,30968,37486,38157,33125,36447,36481,39588,29110,35815,40443,45079,38367,33038,36755,35832,29752,27873,35163,43389,34121,41124,28900,48603,31577,29482,29640,37950,41016,36164,24413,41830,30397,31325,26709,31774,34740,31448,36881,33175,39538,35696,24839,35679,31957,33574,29454,25950,31370,29023,32513,27288,37604,29782,29696,28348,33596,32157,35480,31486,25472,23895,31848,31084,37708,33453,26146
20652,37512,36128,38362,37178,33782,39381,35502,28711,38155,33089,36890,26298,25293,33586,18294,28758,23366,36810,27459,31518,24675,38385,24523,30120,27112,37897,36283,28404,30561,39621,39136,26857,33061,24831,35824,37513,40594,28253,31028,34275,32158,41216,26703,26356,26472,32793,22678,23607,29206,34124,34139,20352,41260,35890,34973,32794,39248,29173,29845,36526,35132,38633,26940,29135,34551,24661,34413,30524,34417,33276,27203,30803,35410,37185,28073,31979,36239,35562,30488,40222,36659,31971,36349,27058,32109,29271,33035,26042,32610,32581,33978,37099,31097,39853,22582,31643,19396,34798,30621,25185,33490,32097,32095,36465,29980,31074,24551,32613,36383,36202,34088,25341,27450,24032,38230,34253,33134,42021,35528
31095,32462,32781,26415,31578,34065,36382,26025,33194,32995,31903,29932,34250,29141,29374,20189,37352,29569,32742,34616,29192,29076,24543,35649,34448,26784,37567,28340,37388,40236,31038,28804,24962,40821,31464,29737,28953,30797,31728,32462,36205,30741,36952,29258,33617,27006,34447,24555,23001,33180,36761,25291,26503,31208,37186,34023,35286,35114,28800,40560,27107,35678,31486,24727,27695,31218,23165,30807,28516,28420,30245,30376,32904,33646,35913,28371,25939,30887,39502,23795,44111,37431,33942,26751,32232,29732,36326,27608,22688,36970,28400,32019,31954,33584,24085,26229,35592,32971,37434,34682,30021,35087,32984,30763,35911,26739,27401,37500,27249,36799,38517,32223,28584,25724,29996,37199,31649,31385,29216,34637
33051,21651,34649,33778,27437,32240,22925,29811,36207,41887,36350,36314,36039,28291,32826,28057,33350,35826,31409,35982,27457,31020,24508,32961,30054,36453,27898,34739,36278,31196,26481,33929,32666,36127,27183,36363,38238,39842,31692,24874,36044,29809,35771,31497,36220,27004,36952,25499,28962,39349,35658,30772,24654,33494,38112,33435,27243,27849,39439,38916,31142,34907,33666,32811,35193,34919,39042,33060,29690,29879,35111,39586,44646,33618,28865,33466,34448,29271,27368,22008,34136,38772,33142,28823,40369,31707,30353,39284,35523,38286,38697,32499,33331,32498,32213,28171,30393,29470,33894,36166,18667,37611,32933,36882,33018,28715,25709,25567,32228,30246,31517,33233,40650,36062,38333,27544,27494,31177,29252,27045
22536,35121,32499,28674,34432,31547,39313,34805,34280,34903,34165,34519,34584,27141,27758,31207,33402,29398,37924,38022,30509,27336,39560,31469,21748,29012,35068,31733,33258,35792,24328,40035,27763,36688,39736,40493,35093,27985,33860,35278,32702,32218,40239,22814,20156,24072,32572,25977,26520,34551,35131,26301,26330,37061,32315,31836,31707,29788,36114,27826,27894,30490,30657,24972,33306,33286,30935,32911,33665,28687,39033,37244,35827,34387,30222,33485,39122,30850,34410,33814,36296,31874,30121,36855,34807,29582,28561,37923,23610,38087,40943,37937,37788,35139,30500,31349,46597,27163,35848,32065,40449,28232,33063,28515,34286,34042,22414,30343,30136,29668,42708,40292,36040,32392,25722,43254,36104,27428,30097,34718
35970,33582,28123,26890,33875,32775,29487,38144,19551,33350,32809,28278,38852,37908,34051,31299,35475,38625,35105,26247,29633,25690,26445,37944,33305,29077,29699,33864,31146,26573,28162,30517,31055,32120,32357,32738,33227,36214,27052,26426,37797,27705,36123,31563,34003,39823,33530,20926,29114,30929,33867,33692,37837,30731,36763,34349,36081,38989,31396,32043,30344,36091,37013,35683,32095,30904,35984,27664,34985,30452,40441,33251,41736,38302,33148,34341,42367,40349,30309,32656,42845,34244,33271,30379,37307,35357,35276,40225,31272,36130,35477,37436,28691,34070,27237,32015,29716,27467,35687,34373,29133,39306,28129,30836,38249,27382,28747,28010,36025,33799,29565,32325,29852,35724,40474,35921,33333,34864,29524,26076
24183,28586,32609,37033,31129,25348,35441,20549,39983,33001,27253,36542,34295,32544,29323,27276,20444,29988,33777,33853,38077,37063,27612,30691,24208,24265,33090,37048,34836,39346,26091,30006,31359,29426,32578,29380,38757,28269,28965,44934,32535,27280,31426,33744,25855,30108,35100,32483,37370,32381,35691,28539,36432,31090,28985,29128,39589,31161,38804,18582,38267,32958,34579,34320,26748,34759,39738,26678,28701,27927,29686,32578,37602,40070,35839,38510,28578,27172,31696,29373,30058,32578,29070,28918,27777,36798,32929,35096,34285,36054,32257,32886,40475,32388,33174,33698,24937,34212,31337,38451,23055,34302,33744,35600,27574,36693,37488,33293,31862,31666,37466,26148,27473,38725,32161,24733,30353,36911,35582,36582
31293,37905,38499,27778,27529,37901,36015,33014,27919,31345,35356,44307,24459,32734,40730,33738,31374,25393,38430,34881,37447,26652,33268,30192,29349,30981,36080,32870,29365,32827,38276,37796,40398,36140,35845,36749,36915,36349,37967,30845,30309,35342,29048,32318,41513,32491,30655,36574,32864,26773,30460,37340,35730,27355,28467,35412,33473,30229,37741,32580,38223,28314,40206,34214,43027,36814,22066,37179,38072,38320,36625,29909,27174,27117,24834,32869,33550,33448,36736,33741,27396,32689,35473,27530,24051,28136,31248,36494,23578,28425,29329,39666,30666,37905,34583,32654,29178,43467,27898,23083,40508,22257,37501,29463,27363,31145,30569,38950,33356,34925,25817,23345,28760,22287,23304,40899,28304,34898,27779,42408
36534,37556,32351,33446,39463,29937,22116,39271,28269,25763,35561,31419,20531,39463,37435,32775,41474,36832,32823,27266,28212,37561,27080,32703,34730,35526,32791,36380,40483,30918,35714,25998,33806,31698,42840,39193,30439,36089,33089,21458,27944,26248,37947,32160,32204,39096,36000,21701,28564,38245,30993,30796,36351,35499,32711,27625,35534,34959,28837,39340,31168,36819,27719,34453,32359,27641,39403,29645,34598,37030,36909,37342,36542,34991,32313,24997,28628,22276,36205,40073,33243,31341,37194,32753,34466,37361,24024,33953,35447,31201,29290,25770,20770,30541,26688,33647,25723,30410,30867,36561,35126,34953,28574,26192,31677,39093,34152,31494,29516,31606,38887,35631,21966,34968,36668,24862,36537,29640,37740,32543
43235,39682,31239,34516,36749,39811,28486,40663,35728,19760,32758,36174,30030,36733,36360,35700,31998,35199,24316,34903,35465,40640,25622,32423,41140,30824,33509,36798,35467,26043,30051,30035,32599,38766,34263,29550,35282,30997,28672,30233,28041,40217,27338,38879,47346,36042,36055,39620,38207,35560,28943,39067,40126,23123,27464,28245,32221,28914,38954,31766,31789,37988,30090,30869,42926,36897,33200,27103,20024,30055,35070,33753,32888,38642,32036,34884,38734,27293,29441,25131,31557,27531,40690,39250,33170,35371,32549,35124,24480,25338,26052,33527,25801,24379,34230,27608,24326,44340,29775,34482,28692,36724,28869,32762,27348,24802,27574,32559,36113,36535,32222,34363,43958,34827,26375,27746,23213,38146,36090,38204
30584,27761,38125,26921,25440,29056,39714,33729,33573,35086,27542,38811,29368,39023,38017,30700,30486,26112,40000,28931,28267,34423,39475,40319,34653,36911,35237,38387,31297,35391,37121,28397,35843,28072,35204,37712,26535,33870,33880,45630,35581,33455,37522,36163,36396,27971,35155,38281,35277,31269,33769,34734,33979,31136,38250,28447,36345,29626,35599,26863,24409,29339,27816,33990,28158,34480,30308,32866,32443,33497,36236,35703,24551,30123,33004,31399,28913,33171,33117,30323,26906,30099,34215,34953,29029,27260,27476,30271,24978,34239,30518,31656,29711,30503,26314,34746,30530,36261,35452,36227,21204,26269,21181,32059,37472,38915,30113,35776,37172,25157,33437,25041,23686,32847,30182,35011,36010,35172,32280,33100
32584,29111,37626,36519,27583,28107,37195,39427,27065,32988,37199,38724,32651,23791,43419,34357,36848,27619,32018,30907,28289,21642,28655,25806,34149,40556,31513,28996,33276,29666,33558,36500,31895,34639,33868,41875,29222,32691,26541,31418,28201,28610,31828,32367,47996,37267,34966,37865,36531,28569,28511,35797,29296,29584,40116,27179,28360,34398,38417,29548,36972,37804,33911,33511,38422,30297,26358,36042,30161,30853,30497,32572,38260,36591,35455,41299,43318,42046,33209,33481,37408,35809,35792,36106,35520,26360,35503,48555,32573,36064,29533,37140,32829,39925,31509,41615,28698,36689,36669,22942,31915,26307,31109,38117,36569,31322,25652,28224,39062,36541,19520,25641,34905,36079,34220,34096,29128,32428,30544,41669
37868,34965,33482,26494,34796,41978,34830,35866,36561,26827,29393,32492,33557,30508,32958,37861,37546,39387,35802,28292,32896,28751,27047,38367,37392,29467,34412,31223,36359,34943,30122,33498,38898,38986,30893,35058,27054,26408,34894,21967,37073,32909,27536,37014,39603,34713,31456,30581,37307,36688,30369,33059,30536,25829,30485,36567,40236,36944,31045,29022,25963,37280,29901,34020,41094,33832,32714,29525,38070,31323,35778,34880,28271,23133,30079,37869,35192,38912,32983,24455,34536,36758,31936,27235,34873,32966,33397,27834,24504,32904,30520,33417,24852,38153,29268,35369,27781,38296,34606,33504,23073,40246,33058,28360,32176,33111,37388,24188,33485,34129,27132,36646,35958,36977,33506,26763,24422,34324,33746,35343
34071,30792,26645,26932,30558,32374,37528,21700,23784,35168,38219,27258,34632,30678,34911,41354,26429,24755,37852,38050,37127,23451,37169,28923,32261,29229,34557,27590,33598,32678,38470,30145,37418,30483,32553,36972,33210,37460,31144,30329,30724,29942,35931,34096,42067,28216,32519,29981,31548,35644,23048,26271,27620,28035,37669,36939,29480,31836,26542,37837,24642,36769,27322,28498,30306,23596,39693,37565,35743,32093,32250,32656,42537,29991,33776,30145,30023,32179,30802,37221,26485,35144,25312,33964,38893,28378,37183,34991,38724,36278,33982,34785,22181,36652,38124,34196,41491,29698,32999,29519,44916,32798,31016,29011,32929,32577,27920,30377,31544,32620,31943,38618,27724,31114,34493,28395,32192,33301,30143,30283
32079,31338,31682,29471,36687,20459,28720,22477,28454,33533,35535,32052,37055,40315,29751,24527,38984,34714,34980,27798,35880,38466,31952,38301,37382,29751,32863,31420,37221,32342,30664,33020,31900,35059,28412,30617,29389,42202,32065,32562,32459,24150,42561,33522,27826,36753,36657,34082,32900,35000,31271,27047,39262,37974,38022,32697,37982,30561,32161,29604,37532,31544,38103,38910,25296,39168,35751,36787,36739,25660,36427,34777,34307,40730,36211,24791,24172,29744,26690,35248,41601,32753,30393,32874,38007,35692,31154,26577,43247,36946,27232,30484,30361,30095,23641,33767,34080,34410,36120,36167,28873,32630,24355,34167,33147,34799,32217,41063,31348,39125,33871,28178,32876,29362,42219,34292,37457,33649,31455,25795
25437,34688,31311,28456,37941,36120,36698,27267,32171,32001,32455,30926,36052,34612,30749,30255,35979,33470,33077,29939,33720,29504,31426,35147,37341,32976,38698,29719,32219,33336,28505,33509,29073,32053,36828,24292,33882,29929,27713,38052,35195,29747,33674,34554,39082,38122,28553,37641,32980,30972,34482,21860,36810,36585,35521,37587,29271,30376,31614,34093,31171,30927,30906,33163,24250,39757,34583,34938,39423,30613,30796,27577,38671,38682,32922,39803,33084,32739,30757,30835,25843,38712,35600,31030,42031,39348,37430,36717,35001,39720,29928,30396,32434,32025,37075,43208,30916,34779,37319,32339,48419,34411,44049,33836,28222,32151,34817,33370,30654,38363,36700,36080,29875,30191,33313,25452,42220,33104,31283,39141
29334,36318,37516,33235,34951,37241,28043,27653,36634,25967,32162,27959,30661,27632,19643,38547,37902,35899,34098,28962,29037,34301,27477,28613,33793,39934,37088,27046,35839,28495,26803,26348,32474,29697,22750,34873,35562,39857,37197,35098,30415,41260,34007,34270,19830,36377,29905,32241,32669,31471,39366,37493,39146,37503,29611,33010,27872,36600,26954,32911,38877,30116,36501,27018,34537,34345,32094,31695,22436,31574,40471,38171,34009,37878,32073,29072,37034,37708,20644,27802,30146,25349,31567,35649,39878,38122,36142,35436,37800,33179,29710,32972,30923,33673,32980,24504,28950,35618,30899,42206,35990,36250,33020,36842,37912,23910,31680,27325,30328,34595,34688,32060,40658,36930,28173,41592,35177,38182,44949,33872
29362,27240,38707,34283,37507,28704,35286,30023,27884,44142,38242,28408,33974,33687,26987,28066,24857,26175,30511,37650,33095,38881,40566,29768,24315,24489,25417,29820,39058,43301,35473,31693,33925,37064,35492,43747,29372,32620,29627,31379,27714,35783,30222,26642,22080,28870,31341,26774,33269,33326,29743,30376,23841,31162,31941,37559,31804,34833,32913,31056,34354,28787,34759,30589,33316,35331,33135,31783,30630,40775,40712,37469,32337,41802,36168,37447,38098,26388,30261,42727,36653,33562,37133,39728,30996,30289,28070,30811,24291,40159,38233,23779,29001,30716,36285,29257,29749,25060,30508,35283,26534,32315,32872,27939,34874,35152,29570,25390,39300,31687,38448,28665,33941,40203,35046,29180,35467,36747,23783,32256
32580,33721,34775,32871,37785,31829,39451,28441,27301,36875,31787,35697,29540,26681,33267,31959,16456,20744,37554,31270,34746,29490,39418,24433,20345,28545,33034,34789,36795,38167,30002,35726,26354,37581,38251,34508,28008,33852,40021,30433,32356,32821,26963,23230,31973,32868,31150,32617,37285,35183,36419,29578,30164,39213,39548,37184,26209,39167,37400,32162,36547,29666,40440,33145,25533,32108,39226,32315,41740,35657,32723,33017,27577,26150,25821,35667,27077,32683,33964,43000,26569,26683,34714,40995,22740,37446,35330,29802,40261,29146,35564,35793,35552,34323,32905,32259,34683,18220,36872,23358,44112,35365,33265,30660,32812,41294,29854,24948,34441,35516,35203,34591,22446,39825,38460,30962,38516,33989,27511,37898
26518,29810,36832,35287,33294,31889,41109,29967,37851,40870,27560,31759,35704,30797,32839,33205,14983,34459,42685,34671,33569,34339,39527,39775,29572,26194,35397,31413,33877,32328,35810,29388,31286,39641,34802,30913,34428,25589,40228,36721,30857,34808,33341,33559,40207,21359,36839,36175,32587,27885,36728,23326,33676,30266,39938,33712,39365,31499,40866,18444,28676,27554,31180,29729,20685,31198,29607,29625,37635,32635,20615,29108,24869,29102,26547,34732,22871,35201,33953,35787,23403,33257,31541,30914,25676,31085,33258,38124,30416,40707,33505,27673,39106,35911,32861,30626,36131,38211,35895,35686,42497,32161,42239,29704,37752,27887,26365,35241,37763,37956,28765,32567,35995,33945,30404,27799,43467,33745,31244,36038
22119,37029,35306,30817,39649,21857,36459,29054,31112,32018,33555,32432,31190,29641,30379,26096,28200,31847,39666,41132,32332,28992,36631,31034,31017,27887,35305,32345,38660,38682,39003,32328,32259,32262,35444,32631,33803,36372,34955,32268,30608,32782,29543,32056,43631,40304,34145,40023,36002,35718,35678,25282,36952,34973,26672,30224,40113,31031,37007,27707,34819,26713,31087,32137,33465,37485,33543,29148,40479,41621,25820,36961,31974,37018,41433,37432,24410,30774,39577,44648,40605,24678,33348,35961,35767,37608,27117,24488,32527,37894,29785,30936,33809,37421,35108,33901,40045,28717,37123,31117,32213,31293,35863,33587,31776,39231,31909,43093,32300,30193,27023,27092,28241,28985,27671,18903,34641,33298,29991,37187
43181,39395,33374,37205,31923,45054,32952,30822,38981,29414,38042,41512,38627,33703,34841,40013,35646,36087,41416,33304,25346,30328,29350,33235,38162,33010,33244,34298,27989,26346,37953,33764,39389,32532,27527,26114,36254,30640,36743,42407,29240,37495,27038,44282,44802,30832,30972,42818,40784,36555,27325,31030,40949,33596,30245,36165,34353,24736,39078,29753,36573,32987,31072,37668,29434,31025,27370,34432,24830,30568,30851,34949,24251,26559,19720,35817,25251,41631,30035,26631,27646,37240,30421,35965,38181,34086,36834,36274,38497,28721,18811,38273,39388,37481,31678,31467,33682,45285,31257,35682,38836,37232,38024,34678,33542,20304,32759,30259,32010,29461,35149,36671,31028,33806,27335,23441,33246,37243,40445,34445
40218,32294,35867,42230,39051,39911,26380,40018,32531,31372,34753,28466,33839,42226,35060,40235,29238,30285,31641,34961,32248,38414,35409,37252,33460,32864,35589,36903,37438,25713,37357,36039,41841,27647,28301,39273,28462,39762,31724,20719,28944,30287,33481,34161,28327,35987,27364,31478,40364,34207,31280,40562,36146,30878,24360,28178,36456,30728,35416,43996,31558,39617,33631,35850,32986,21581,43614,30092,32564,33899,38044,39324,30929,29390,25276,36107,34954,33341,34723,28905,25567,33495,31817,39993,20435,40453,34248,40285,35012,28227,33215,37656,24331,21798,37470,32198,30891,33441,32275,34429,32413,44380,30615,31585,29129,28712,39203,33252,30313,33336,39702,32649,29220,42828,40214,28053,23476,28293,36321,37012
31915,30263,31456,34013,31120,32437,32528,30642,34221,31207,27879,36886,27147,26396,36633,34873,32741,29609,34413,34260,27578,29766,34188,34005,26884,34755,33458,28850,30180,30013,27513,35119,31175,29610,35063,25631,28686,27436,28078,31278,33541,32121,32523,30298,32269,32357,31711,27279,28976,30197,28427,27686,33624,27874,32542,33956,34039,28143,28335,27133,34525,31415,32610,26860,35249,27008,34088,36803,25766,27473,34461,33756,28632,29705,30212,28610,35996,36394,31402,29836,31463,30568,29253,28433,32294,30516,30407,36427,34519,33517,28810,35517,30086,28476,33954,29124,30124,36741,30337,27318,36084,29524,36183,32335,38093,34890,33120,33835,33243,35329,33963,30245,26169,29743,35071,29623,29415,27243,32597,25469
35000,30460,37404,28251,31363,23047,19390,38367,30048,34917,30454,25367,21483,31154,34719,39023,37055,27571,30782,33889,35219,31134,38235,32340,29665,33591,30626,32783,27882,30473,30143,40753,38462,39162,29621,27802,34182,32880,39871,41231,33101,25019,31950,32758,33932,24303,34947,33434,33471,29709,33279,32269,33414,30951,39482,30054,32404,32267,29052,25796,36050,38517,36918,34338,37470,25940,33567,32807,35544,29984,25791,25064,32676,29996,34815,32462,28671,34711,34996,25226,33853,36876,31965,26209,28007,33363,38207,25814,37609,35733,26144,36770,16643,33826,33129,39996,34035,26810,35901,34031,22224,25671,31461,29273,30083,38398,38905,33951,37325,38240,28426,34600,30793,27776,36455,37344,25989,35717,32603,24523
36057,26122,38546,38399,33506,30557,33690,30028,32927,42207,30786,29391,37720,28700,28231,33343,25971,27252,32465,35860,33543,37803,40964,29464,28143,31961,29151,37688,40143,37715,30624,33439,30283,29487,39618,31279,31519,33506,37605,36324,35267,33331,35750,37116,25624,25314,27762,29993,33368,28706,32674,26151,29130,26856,39170,31951,33512,28953,34724,22086,25617,29224,38205,34152,30118,29128,33867,33903,32961,37176,34546,38195,35853,33230,28151,42698,40656,29123,26766,29185,31335,33973,33155,41593,30766,29205,36573,33888,30001,41196,34460,31234,39098,37299,38764,23662,34899,34800,31490,34893,27757,37269,32497,30175,27900,32155,34978,28557,36499,30495,36697,31886,34774,39974,31978,30031,31235,32771,30945,26954
24784,32502,30193,31394,35107,24701,35253,18478,37618,32816,37085,31928,36071,26004,26837,21348,27801,35475,33314,31791,30096,35325,28608,40183,39056,30662,29266,37345,36181,36319,27298,28185,32180,37105,32871,38213,37001,25544,34860,27376,29470,36321,36753,28601,37845,36993,32683,33189,28924,37711,31244,31337,32801,37580,30099,35977,36262,39543,30651,30884,33763,28696,30446,31457,23616,36801,26377,30815,31463,37711,35604,35226,40863,31638,42061,30988,27253,37082,33881,37572,36701,35368,27132,35568,36381,28818,28553,18142,25612,35685,32940,36012,30863,34827,28777,24137,33483,27207,34583,27702,30541,31552,32924,33897,33974,31609,34658,34678,28804,35546,28816,26104,37468,30023,33247,28524,33147,27698,30608,31310
30612,38060,27048,25562,30084,36726,33643,29975,39681,24569,34035,41110,35872,25227,33528,36978,34856,32145,33166,31015,37222,31868,25254,46367,39204,30855,34588,27214,28943,36741,37344,27120,42527,36532,35553,24429,29126,24835,39043,39031,35711,25546,37225,33288,34715,32979,33631,33115,29132,33605,36783,33203,34701,35596,31255,27132,36741,24979,28291,23766,32538,32309,31667,30935,28499,38888,34576,30968,33846,27879,25834,25433,34288,30164,31724,38862,17694,38000,37119,25685,27744,35467,21187,35250,29494,28553,37544,30186,34970,28586,26862,31353,29582,34894,35033,40193,35220,40211,34948,33912,30479,26255,31022,25057,33645,33810,31162,32929,26994,37400,38869,41467,34284,31472,31892,32166,37238,34732,36096,39233
30128,32285,30259,24206,32672,36040,33812,33118,39550,29045,33391,31554,39356,28767,39107,22987,31870,32910,30262,40720,25934,27690,26529,36398,44793,36126,37026,31264,30420,34822,33996,30500,36770,28459,29777,21530,29155,25297,31505,40313,28286,27995,40291,35179,41229,34434,32136,31237,34087,34217,40757,27635,32761,44462,29563,29840,40936,39516,31447,33583,36622,38130,32510,36421,32264,36598,28349,30956,35944,39060,31937,31823,28550,35813,32989,35032,25916,30591,35518,33104,39513,33366,37178,25257,35436,34453,32339,25528,34685,28685,29635,41303,35833,40436,25651,33523,32259,27359,31480,36300,33087,29611,37067,33317,36781,32143,38196,33644,28885,37502,35607,31429,33511,18157,27170,28472,41005,34611,41333,35560
35772,34330,41392,34857,40008,35560,33854,33125,35808,30925,31800,31042,31234,36196,26362,38315,23181,35332,28945,39649,30239,39590,34119,33037,33146,28604,28117,32214,37586,36690,29052,25553,30789,35690,38868,31379,30056,32176,30647,35619,28245,34068,27554,34109,22283,28890,32876,31253,36511,32125,39236,30348,32643,30287,30287,33437,35224,32597,36111,39572,29896,27837,36142,28265,31515,38020,44914,30187,29871,33892,26815,34095,31250,35433,33051,29324,24410,30216,25616,33005,30281,30512,35404,41044,23721,35132,36049,27113,30999,33131,40728,36559,33701,28086,37971,34129,35696,32758,28320,39268,34977,43067,40824,36683,33417,34000,42226,34757,27389,35449,35528,40703,31250,38651,31864,28951,33045,30708,33259,32360
35163,30732,34319,30334,33432,38442,26576,31252,33918,29226,34858,40441,35639,28596,36089,33194,39236,32548,35681,33974,31656,24967,41336,32058,37920,34168,29969,32907,36496,31880,37220,28185,31884,35228,32788,33881,27946,37081,30674,32512,28770,31723,30466,29024,25681,40365,27791,29422,28092,39194,38185,37706,30242,34176,34792,30247,29255,33004,22839,42084,32227,33583,39779,23850,28972,27234,34024,32394,33117,33286,33108,26492,27374,36405,36466,32277,28305,35710,29911,35639,36374,41745,31079,34685,37005,40521,36113,31088,41717,22998,37833,34302,29835,26193,27074,42300,29843,33011,35643,37445,36277,32928,36004,35990,36263,43241,39345,34022,28896,34665,34078,35498,28777,34976,39451,30534,24500,31807,37584,31257
33783,34752,35298,34045,37800,27474,27826,30437,30942,27582,31586,23426,32389,39175,30351,31832,42251,37971,28471,35224,36603,35446,26291,38383,37261,37086,32183,27734,36868,37175,38876,33531,28564,39932,36307,28376,30479,34460,28975,29199,38329,31461,39397,32032,26883,37626,30315,24556,32895,36196,37985,28769,35954,40728,30524,31542,36904,32075,25750,40119,32850,31500,35288,28829,37581,34448,33865,35901,36980,28997,34363,34818,32137,38090,33737,26375,22872,28697,32281,33261,36170,32447,33918,31386,40014,28791,26270,26012,38120,36740,32243,39146,33084,29480,26207,37695,40486,22885,33046,30661,36086,33519,32301,35462,34306,37490,31427,39163,25077,31960,30855,43920,25437,28251,36260,26609,34755,38269,31152,29533
32538,37371,34892,32933,38269,31956,37131,28439,30332,28029,27958,39852,28078,27657,25401,34531,34845,31878,30654,34804,27222,31048,22972,28578,36844,32625,26941,29953,30547,37002,32620,29597,29137,38917,29463,29518,38166,40122,29868,31738,29170,37549,31762,38227,24005,32078,28870,29851,34334,26568,34697,43602,38143,29649,22496,36389,33856,34404,30430,37106,38462,38200,29434,38660,39187,31877,29253,29780,36296,27902,38899,35382,36249,34448,40507,21434,30387,31513,39267,31563,38934,33183,37928,38208,40529,31022,29741,20777,28021,28127,25486,31151,35635,32438,30361,28779,36915,41695,31863,36463,23995,32250,23733,36622,30946,30465,32691,32326,30634,34309,39722,22604,35530,29755,33114,31520,36504,27977,41146,31828
39564,31256,28607,38095,28239,32212,32461,26153,37302,31263,32096,33461,27911,34769,40004,21735,37612,38389,27949,30775,34280,35317,35802,40021,37620,24807,28535,33956,28987,40315,30370,29820,37843,37892,36905,33424,33414,29639,38189,33069,36022,27090,43971,28787,34137,28245,35615,31079,27942,36025,34513,30850,32620,38053,31648,29273,39670,24220,31206,30797,32209,31760,28599,38599,26479,31055,38860,36714,40597,30842,35264,30223,27395,28481,31344,28238,28791,33882,38416,41611,40917,35905,38005,34523,33003,32396,27524,31034,29375,35933,35672,39545,33265,24515,33619,36450,37265,27638,36685,43672,18917,36511,20488,25368,31196,38368,35327,30591,30278,27041,38338,29194,24309,31332,39297,31542,30376,27720,36462,31077
41819,24779,33446,36871,38715,38423,30062,39466,27697,28737,35463,29852,34790,39963,23454,36522,33735,38673,23614,28350,34218,34418,31519,28349,31697,37726,34178,34819,35663,27382,38961,38188,38531,30102,37693,42936,35874,33277,35765,18018,29581,36793,30908,30988,21630,37193,31924,34887,30372,32185,27157,39323,34237,26635,29864,31910,33427,36100,38164,41963,31632,29094,30873,31327,32865,22735,42220,37011,30101,34132,38403,38942,35436,29937,29741,28370,40698,28288,29666,25843,32858,32539,33929,31004,25858,38501,25537,27676,29189,33640,35316,30927,23280,24047,33088,33300,27585,41689,34115,27119,23950,35767,30263,37299,27581,25623,39746,30731,35128,29949,31364,27743,40331,39719,36310,38821,28980,34205,30438,26278
28322,35213,26538,30920,32060,35862,28809,24707,26031,33815,29303,33812,34155,31314,28315,30712,31200,32719,34638,30320,36206,36305,37900,32957,33443,24964,31164,32051,32232,31737,38881,33992,24433,35140,39979,32786,32027,30520,28439,27623,36764,30730,30289,32197,29087,28916,34828,28984,36430,38014,29637,34195,26424,25457,34687,36477,29304,32583,26775,35391,33534,27627,27097,31944,34614,29105,34593,37411,32323,32728,39720,27383,25694,29924,35149,28008,27855,36493,25177,25708,34478,31212,28656,37178,25785,27313,30544,38593,34800,35805,26710,29833,32178,30333,32366,31358,25774,35849,34658,28904,31353,30053,35034,29291,35279,29023,33483,30238,29872,30406,29022,29597,29403,33650,27130,27650,37491,31041,26121,34392
29610,27688,31533,30918,33780,42674,31646,27313,27029,37773,29797,27896,27204,33913,30951,33947,32278,32982,35360,35733,26523,24966,32274,27887,37676,31088,35394,29316,35069,32251,38499,29340,28685,35604,30446,23077,34770,36952,41739,35360,30346,28653,31443,36328,25468,28852,36052,37489,26692,33600,29538,30173,37598,36921,30726,32178,26556,30542,30137,43462,33913,37048,29590,31593,38596,32477,32376,34123,26837,28133,28746,29506,30845,29386,32577,32601,21782,30259,31617,36777,29921,32940,33788,32619,34819,29860,32235,36142,54152,30682,37532,32550,27531,31205,27786,29574,44632,25402,36589,29608,46107,29851,30821,33559,28053,30305,25191,32858,24359,28708,28729,40251,31932,32052,23826,37679,36954,38003,40767,37943
36458,20412,28121,32304,34776,38844,30459,33785,36576,20610,31241,41722,28262,38654,28649,39554,21733,36617,33483,37672,28394,36947,33777,34297,33793,27487,34522,34180,35400,26007,33557,32435,32311,37223,26410,38813,32970,39132,30233,25391,37057,27812,38280,38114,28842,38966,28356,28538,35511,27918,33237,36942,39429,23296,34003,31780,33195,37960,27105,30532,32142,37680,33676,27095,34866,25269,33559,34786,34492,28374,38846,31097,29510,35479,31072,35366,23521,23705,32076,38554,25245,34248,24102,39255,25645,32794,32403,39581,42458,25881,34662,24106,29963,34369,27826,35950,37210,34490,28548,31113,39153,36088,33026,25973,33732,41948,29851,40141,36302,38177,41851,39525,27307,40317,32325,26937,21186,31305,31445,33351
25163,34644,33290,32491,25125,41170,35564,39248,25770,29383,30270,31593,32374,31404,38681,34356,41120,34533,35610,37337,32489,23381,35740,26438,39415,37520,35481,29502,31829,32891,31821,39919,35646,31939,31619,26149,34203,26947,37939,32734,32281,26677,36932,33217,22662,35741,30843,37175,23735,30729,35801,34967,30984,39949,33881,33282,38259,41119,27854,38586,37645,39115,39001,25224,41577,29273,20538,28512,34085,38881,33623,22749,25004,24482,24768,30061,31458,26123,35404,37661,35480,35037,35534,27135,31198,26637,32811,25093,37583,29267,38919,36205,36063,27497,27736,36355,26556,29680,34196,34101,37409,25659,34081,36077,38763,38485,40916,30481,33397,29595,27220,35245,27416,30451,31817,38443,36152,30999,28246,34267
33405,29832,23552,33273,30294,35127,25325,29425,31498,25269,37897,23726,32330,31631,34988,29622,47543,37303,25836,33308,27663,30106,29253,32763,33444,29697,27990,33518,35645,39758,33609,38363,30742,29719,36366,34218,34570,38904,29428,26198,27227,32873,41197,36145,30434,38902,30533,32255,34560,36642,29496,33492,38277,37703,28459,31224,37639,35879,27533,39339,28965,29721,38422,36124,43036,37419,31208,36109,34648,32053,38512,29184,39517,36769,44579,31736,30112,39810,27609,33890,40690,31231,31548,35610,44553,34784,30500,31672,42580,30595,37815,33644,31296,35831,33726,35513,41433,23352,28990,32295,41673,35562,43467,40270,33642,31349,38067,37987,20843,27480,31528,44025,30912,24649,32247,30602,28477,35941,36062,33838
28989,28615,24135,30402,30963,27134,33508,30375,28180,24730,34074,27944,33071,32335,32776,34056,34281,27441,25623,36961,34895,29161,33448,34670,31293,29356,29143,34413,31847,28851,25490,28457,32260,34723,32282,24333,36978,32514,34014,22983,32795,31963,33843,29088,32122,31149,30556,32875,28971,37332,26682,33171,30360,26095,23894,31014,31652,34641,36824,26342,28519,30393,29780,28109,32288,34139,34471,28960,30602,36043,25903,34724,31166,29480,28859,30076,34677,29094,33556,30896,27393,25936,28287,27063,33537,29009,36471,30120,38642,34836,33425,27179,34514,33441,27066,31963,31367,30353,35270,27204,32517,32557,35151,28269,28246,36009,33119,35117,25876,29137,32499,35134,30757,28957,37065,25260,23301,35672,31950,31978
29739,32458,38145,30655,26024,40306,30783,33841,32216,28268,34552,41015,29973,26486,37565,31878,42366,37998,34565,38500,32945,26634,28631,36012,24783,38706,28280,27041,28054,28049,33942,35829,29176,29120,37698,29144,32238,30385,34218,36883,34167,31458,32109,29265,41265,37936,36469,39486,28630,37040,32414,37014,37012,31065,37155,26730,26974,28478,36408,34664,39745,33781,30894,28381,39377,27325,34762,28150,33652,31594,30946,27747,36194,30581,24908,36038,34083,41292,37556,39445,29937,37560,30160,32769,39996,40186,32696,44358,40169,29930,34602,40874,28840,37883,29353,31029,37569,37947,35993,24509,40443,31128,34769,30398,28529,27900,34427,36679,36893,32366,27320,35680,30755,30188,32018,31015,29005,30274,29603,42252
33196,26855,25892,36285,31704,30147,32224,31357,27921,38620,32663,24476,32859,38997,28349,29650,27424,36707,32116,38926,36418,30247,23657,34884,37779,36953,34600,28856,28100,42682,39898,33665,36445,34955,39489,29117,31922,24713,29399,30984,28818,33767,28825,41204,34614,33519,37055,24020,33142,33449,35990,23077,29462,29600,30777,32640,31477,27319,36735,27791,32474,33128,41457,33503,38258,33561,30899,31619,38665,29891,28342,31692,35774,25881,33778,44968,35746,41545,34897,26173,33450,31522,34732,32737,34425,37549,34613,37008,22259,38994,25677,27390,27592,33436,31072,44102,31197,28113,37369,32079,31056,38325,37725,32101,37113,33713,38415,34759,23436,32158,26139,32514,36195,26925,33786,24820,38043,36509,37324,35229
28285,36112,27554,31176,36736,34283,31067,26786,22646,35303,32239,22298,35412,36316,30281,25918,37167,33886,28707,28862,35927,32135,26049,31207,40147,30084,35240,28756,38374,39593,35536,30020,27501,36619,30370,27708,30525,28430,30362,30621,28369,40508,40177,39835,29725,33474,36984,25798,37101,33510,35988,24313,26458,35684,35075,29823,35139,37041,26544,30872,30376,33685,29251,37413,39849,39508,30113,33063,40471,34150,27061,36722,38838,27133,44348,37937,29804,44461,26423,31955,42536,36982,33622,28688,34535,34335,41367,38029,21851,32069,32789,27245,35397,36488,29928,38570,35759,24321,34234,29012,23624,29509,37947,39239,30915,32217,30017,34950,29990,28750,29292,34008,31044,28515,35780,26515,38462,27725,29253,25706
34843,31701,26156,34157,27753,34598,38353,31285,35296,42711,29379,36195,33694,28879,31016,30754,34620,34158,35120,36696,36165,31425,31032,37663,32098,22835,27609,27443,32799,38963,33594,21384,31114,39758,34502,25433,27485,36575,37715,26092,38589,26568,38951,26811,33475,27215,30346,23856,26447,30302,33494,30847,24182,26204,35171,34568,27702,30064,36295,40173,28283,27162,36709,25755,33988,34722,29596,38324,32390,25765,30668,22210,35716,38133,40609,26258,25901,35685,38754,31976,40462,37170,28125,30739,36068,30140,35451,23579,31356,28756,29314,29452,33006,36000,18576,27140,29712,35790,35834,37146,34128,40610,33741,38283,33685,36075,31443,26534,37281,34139,34733,27553,32468,31484,29918,32134,34915,35065,27732,25866
40235,30806,30174,36397,28525,41164,24852,36543,31815,32047,31138,33572,38957,25663,31751,30839,38758,33558,37821,29244,32277,33123,38738,40983,35890,36262,28654,28513,24278,36628,28721,40083,32778,29475,31445,29573,29077,27054,25194,28354,35317,30364,31402,36760,33657,32964,35224,32300,30899,28737,38144,31795,34396,31770,35491,34373,35116,34502,31017,34950,35977,27739,32759,36601,43287,37282,26933,33221,28355,30557,32695,26633,28461,27502,31442,31808,41472,42364,30190,29387,33376,37805,33038,30467,33963,28499,33241,30374,40406,27970,34681,32553,29516,32302,35583,36122,30991,37772,29420,41835,44005,29555,38729,29958,36130,31375,38573,24567,36633,37502,33417,40152,34455,27783,30276,35128,27464,29979,35614,33484
38726,33088,31687,32420,36346,45410,34298,37130,36644,26874,27952,30802,35586,31419,32919,39793,37677,33648,19547,29991,34390,32955,32931,29068,39406,25682,36740,30946,21484,30591,39758,31966,33300,33809,34757,25523,35881,39202,38861,34077,35349,31785,31366,41992,22957,27617,33001,26527,32234,32104,37242,27643,22910,35801,31496,35362,35599,35993,26364,35706,31465,36110,38744,26986,28629,32477,31812,28206,32372,37394,32379,31083,30775,30181,39057,30707,35038,34715,29318,21553,36692,38549,38698,36866,38435,36196,31913,29547,27178,32819,34725,38856,31948,23909,35576,29747,34837,34387,30268,36890,23494,38598,37077,33468,28194,32082,35658,25501,27951,37512,33099,43079,32324,27944,28810,35055,29938,31459,42394,24442
27120,34869,31118,35124,31996,36621,27653,32442,31654,37243,35543,33171,29165,35689,29911,36551,37638,30830,34638,37136,28021,26593,29194,36274,28492,28872,31742,35316,31707,29454,26748,33104,30911,37516,39010,28763,34619,40426,30830,29395,36289,28154,30054,38266,39809,28994,36226,34329,28915,29376,27628,27664,36714,32234,26255,30299,29632,24703,27834,25600,27456,29199,32648,26772,29460,28623,29070,34805,26980,27307,35128,33036,33646,28021,28999,36433,33066,36742,27808,29235,30326,31239,31535,28248,34287,34686,30271,35080,29793,26144,30250,28786,28708,33327,36457,43632,35873,31058,28134,29290,35692,38232,29484,31562,30570,32291,27716,32265,33833,38096,27597,33204,26626,24254,28889,29768,30241,31507,35151,32714
25268,37253,27623,33219,30399,34010,34545,30590,38166,24799,33119,36454,38818,20670,33391,32641,42134,33969,33211,31568,32507,34357,26594,28983,34629,30890,32740,35020,30638,32057,35006,30424,29144,36964,25882,27398,31068,32834,37022,34942,30369,32802,37291,21702,28279,32048,31765,33507,27115,39118,38198,27820,37154,35088,34374,31751,29565,29197,30861,31147,37573,26796,40196,32938,30754,33074,28423,33439,30540,28299,36029,31633,31697,36269,34789,27334,34307,28114,31163,36400,31262,31603,35035,36491,32979,33389,39258,37537,39384,37558,38084,36953,31202,27568,26248,31308,31037,37298,36783,33083,43977,36348,29602,33700,28575,37732,28396,40153,34707,33157,41303,34212,30848,24566,21600,46046,39504,38329,38582,29465
26554,33296,34873,30928,24656,26130,38570,37794,25781,33607,35792,29511,29095,25150,39254,25355,23746,24132,37781,35559,39945,29683,42230,25465,33983,31109,31676,37974,37428,35731,34001,37943,33946,32969,38185,36515,30629,27059,33852,33383,33229,37637,35064,31912,44435,32778,30164,37272,34488,28390,36760,27280,33982,37440,39650,31068,28422,41081,36186,21442,27001,35960,37601,25055,29009,30063,31882,35025,38000,33302,35677,31689,38669,25614,26691,38312,38196,31767,42091,40348,35682,37810,33032,30418,30803,29753,28930,32193,25484,34492,37016,35072,36508,40659,37395,27152,35131,27939,30792,26348,33762,29257,37730,35802,36977,31047,32406,26132,40033,30851,24576,31298,37375,33711,26469,33497,33950,34928,24584,34973
33600,28217,33242,29618,31308,40491,28740,23285,40463,27748,32830,38149,25004,27329,32020,33498,36658,30478,33258,40819,33758,29439,24672,34471,40574,29054,31734,29801,30961,36501,28660,39743,40120,30549,30328,25154,33523,23129,25974,39684,32273,26129,35984,31963,32942,34420,30579,32326,31775,31930,28610,25566,39720,40928,29890,33991,28466,30019,33623,35207,30179,36389,39193,36050,35138,27020,37155,31003,30459,23507,22855,22140,28894,33855,30435,28759,30092,41913,37273,32560,32519,31790,25513,22793,33395,31140,38913,23427,39543,23320,24797,34790,29706,35367,30089,38491,26853,39263,31677,35272,28483,24005,19874,24325,30154,36156,40169,36455,28671,34773,37892,32617,29723,28952,35170,34537,35042,28049,31463,21157
29738,39955,37053,31906,38215,29137,27276,20776,33285,29934,34109,22161,34678,26968,27207,24523,30992,37581,38400,29027,30635,30646,31827,35752,37172,27698,36819,35150,24857,29762,31202,30002,33177,31416,31216,29287,29640,26683,39830,44486,27498,30850,34938,38633,35586,27376,34315,31949,39233,34736,30388,34124,33700,33264,32891,28028,32826,35250,37262,23974,30726,33724,29199,37002,21897,35780,32711,35467,22147,32504,25543,38932,36837,37490,32149,30725,27954,30663,37827,31411,19366,34860,28053,33740,35268,31047,39946,33445,33642,34043,30174,31427,36874,33118,32019,36044,32961,29020,34494,37900,27396,31089,37350,26929,31323,25634,25227,23512,32455,34881,31542,25573,35497,28881,28136,33496,41339,32384,32860,31179
32364,41756,28285,35977,35092,39832,32089,29609,29111,39390,35592,24524,36256,28569,33173,28074,24928,39187,33612,31584,33176,34632,36683,38505,38671,31631,36299,35844,26369,40090,38828,31527,30599,29055,36735,29615,34140,30488,30267,34853,27365,39150,36649,38105,24746,34585,36857,33036,37110,31190,36144,29778,30952,36996,39165,30993,35911,37558,33525,28919,33644,29171,28610,35268,27252,34223,31310,29562,32106,33189,32844,27815,32004,31332,33131,29732,24996,35005,25210,29455,38676,32640,29388,37207,25135,34969,36671,21229,35277,39102,23870,39265,29258,30318,32789,27989,34017,34733,28845,35497,24835,37231,27549,35851,36233,33628,34786,31270,28727,36422,33632,29669,37894,30864,26639,39390,39904,30967,35896,22300
41887,34863,33713,37365,34682,40788,31111,35756,37810,24202,33239,33632,27522,39041,31572,42277,38096,30695,26857,38739,28289,37664,36167,32377,36269,36476,30558,27467,28605,21443,31639,32837,38993,34407,30551,33327,32514,33324,30009,21325,37607,25864,30520,31901,30293,33365,33861,30279,27788,35330,28721,39059,41850,26772,34705,34527,34836,35230,26847,38811,37916,32543,38829,32302,25041,26626,39542,37975,29311,34737,28843,36316,32644,33901,28055,34375,35285,28817,28501,38863,33020,32049,35851,38228,25450,29299,29395,34057,47289,24671,37915,26377,28603,26426,28747,37167,31237,35428,30035,38116,32955,39975,29953,33100,33434,32938,39322,31591,31563,28254,41695,33947,38128,39378,38949,37287,30212,34378,39149,32375
33623,37399,29835,27245,31598,21759,42852,32864,33119,36083,32288,28595,31757,27747,41306,21836,31199,29477,36499,38178,30539,32257,32185,27091,29277,27447,31713,38857,31255,45499,37504,28523,27164,31911,39814,37094,35914,30937,37550,34724,29677,39236,36432,30162,38749,28157,37587,37594,30359,32327,40874,30680,28387,35643,31467,32631,30792,38413,35124,25808,36912,32848,28907,31247,35650,34650,33171,27980,28311,39343,31184,30472,36494,29482,34469,38121,26552,27347,36357,35441,39680,30487,39762,29406,38093,36796,34703,25459,30422,34617,32907,34612,32419,34052,37148,28911,41154,27071,30529,33231,32656,39072,27424,40765,32346,33168,36048,27856,37224,36385,35053,21995,34114,29308,32742,34090,42456,36677,30214,29629
31343,42015,28166,37060,37677,26705,37614,42348,22601,37571,35136,33162,32488,25711,40825,19307,37173,37428,30175,28166,36321,30632,36671,30881,36555,35453,33602,31822,32497,40814,34464,32597,18433,31633,33231,34512,35243,38141,27677,25893,32328,31890,37255,27369,30845,28744,37555,29323,25874,32545,40189,38826,31671,34136,40297,32123,37214,32449,29654,33368,34512,28717,35967,37607,42432,31161,13907,30352,32841,27882,43442,25994,40430,34884,40568,28613,48025,27056,32210,31151,42245,32681,39990,36420,45702,26493,35099,32448,35936,36230,38075,28785,35241,34590,35059,21053,39343,25784,31081,30250,27378,28463,34974,39940,27998,31148,30122,31479,36918,33889,26981,35260,37093,26799,31694,40794,29539,33099,34883,38395
26885,26308,36216,38229,28943,25566,33886,28944,38437,26156,27385,29973,27896,24772,29476,39415,37524,33137,32816,38140,32220,30295,28855,33987,26814,30257,30705,34926,37353,25388,33296,37476,40048,35881,32646,32394,28978,32166,26135,23197,37832,34490,34634,27795,28757,33416,33747,33135,38802,31296,25591,37205,25617,30316,32200,31686,31260,33199,31560,22605,28359,38095,35142,29005,33170,24622,40998,28277,24814,29849,38279,29449,38315,23611,33998,37819,28888,36430,40342,30436,25289,30620,25843,39774,29904,30120,40738,30997,35204,28603,25099,32494,29819,30623,35874,39345,31890,32231,36973,37958,36912,28486,28080,26583,35970,34344,32999,27318,33541,29323,35330,30397,26664,35811,36885,26612,29798,32734,30292,24591
31541,34828,40088,33447,39564,37607,35654,34573,36010,32618,32786,26067,39194,39370,26589,42325,26761,32543,26332,33783,38447,28599,33946,20815,28907,28911,29116,30376,33009,37782,38180,33043,30649,36994,27316,36905,31357,41019,30269,28694,38275,40505,27889,26174,30824,30632,27181,37387,36672,27507,36864,36554,36194,36185,23109,34998,34795,40734,34481,37297,30690,27180,35875,37716,38367,34032,34708,27916,32643,31720,26656,31799,33363,27718,35233,36809,29958,26571,27675,30628,35921,23913,29903,32442,30692,29443,25537,29379,38559,31911,38153,32153,34925,30175,36447,29468,34212,33944,34038,30571,44600,33579,37918,35309,36860,30555,32794,36675,35611,31699,35040,40849,33758,34156,32438,30610,27547,37497,29504,37603
31023,27973,30236,31511,33379,31502,35211,24895,26872,40471,29439,24089,40886,41350,36198,36920,38571,36336,34755,40033,38300,29053,36853,35197,38395,28466,30730,29730,38164,42304,37653,28767,30196,39361,31376,32649,30967,33717,25682,32828,29541,34411,37166,36353,32266,29623,37416,26595,34713,30335,37917,26123,29146,36333,27928,35112,31981,37824,29402,32670,31022,28023,28593,28156,35860,30689,41544,35938,39829,34369,24011,34457,35576,33149,33112,37108,34848,32380,29102,36278,42397,35811,32793,27538,30946,37779,27851,34971,31417,34207,34357,35470,30927,38994,26568,41845,42541,28567,30767,39397,42560,31401,43406,40215,33139,33244,37899,41931,26109,27887,29826,42456,34926,30456,37955,33965,29619,33213,26159,33982
31590,38765,33058,32346,29529,29466,33972,33135,18957,34208,30591,25217,38635,40142,35692,31747,35258,38094,34946,39335,28974,35676,35330,30461,30113,23940,34817,33477,35993,26864,32374,25662,31651,37811,38544,36121,27039,45944,27563,30546,38464,23619,36531,29682,34145,28524,35722,16495,23995,35578,28325,31754,28744,33250,38489,33436,38471,33127,27464,43627,26516,32407,32083,37496,23502,29173,26543,37152,35827,28266,34722,28973,24532,34300,34689,29693,23545,30308,31515,34939,37457,31033,30423,32791,33393,27032,31439,34887,39018,32901,40227,28655,35277,30887,25744,34453,25278,33386,34966,27855,35371,32478,29645,38398,31038,30322,25928,21897,28635,27454,34957,26255,33583,31878,34043,33506,26926,29340,29725,38994
35162,40641,31175,24120,33613,36649,27225,27913,37083,34253,37588,27700,25629,31150,24554,31728,43382,33892,27058,32567,27529,36820,32461,30872,37219,24338,37806,32445,23271,33402,36254,33649,25509,35386,35663,28919,29164,28604,31580,34253,32146,25090,40322,32409,32018,33790,29700,34482,35708,34930,35388,35431,42856,39128,29016,36172,29571,26600,24765,38524,34860,29337,31662,31817,32703,38065,32355,27607,38567,36175,34761,36445,33674,37683,35947,22753,30066,34233,34886,36545,32446,29167,31666,30481,48498,37055,39002,32345,34920,36725,33194,36049,31249,21000,24980,26341,43267,34985,29068,38340,40053,32645,31696,32124,34699,22018,32448,36614,32201,31612,33814,44622,34665,23389,29358,33114,35475,32329,32973,35051
32866,36359,38455,32447,28875,27776,29921,27628,34615,44182,31660,33231,34810,30239,33161,26442,23507,37789,32657,39435,33005,36979,32692,26938,27563,30840,35348,33111,40599,38764,30062,32810,27069,30510,38662,34963,33364,31933,30186,41365,31158,29920,32509,30639,33939,30453,34792,32907,38445,35089,40823,30012,28931,25894,39023,29764,26673,36770,34329,29650,25518,28767,37075,35699,21128,36658,39748,27761,33419,37755,28614,38855,39488,37316,30718,40503,41279,35158,27895,34005,34301,30547,31026,37467,36218,33266,38320,38577,22289,40872,27368,29433,36377,40608,34689,25973,29994,22058,29691,31883,28679,30156,28732,30892,37110,32906,27632,34195,41962,39145,33661,23464,32110,28841,35929,32150,32073,28041,32180,25506
34341,30006,28666,30187,22356,34554,32562,23508,33127,28170,37577,39707,28855,23797,37757,31572,26003,35620,24833,32970,28467,36370,35488,32918,35262,38627,38094,28363,34283,37461,26492,34276,30938,31166,38382,33925,37115,38209,34539,35608,30091,21183,37402,33762,28153,24133,32220,35553,28259,28880,32405,30222,28156,32717,30342,37647,26714,29805,25215,25672,29827,27727,34319,26114,27879,37246,28173,29510,32669,29746,38425,30316,28332,25627,25289,35558,34659,26886,24939,30274,30640,29988,33502,34531,32638,37351,36189,32337,30582,28269,36770,32812,34417,33279,27875,26016,44175,33754,30974,32955,33566,33276,18277,25371,32130,32626,35327,32706,36689,34727,37236,42892,29658,29624,35370,32548,26706,31215,32347,33742
38278,27967,32944,27105,30013,32675,33249,34923,30280,28753,32522,29042,32243,27387,41703,28123,30170,32936,28688,37021,30748,29622,36401,35794,37446,28382,33543,31466,34092,29812,32056,30674,32725,26170,35082,36261,36295,39951,31351,40087,36135,21595,40171,27905,25045,36738,36518,34863,19666,31941,26315,39516,28783,40955,31437,37923,34947,37401,27042,40936,33890,38739,33534,36054,37284,36880,24892,38447,40380,37163,34083,25714,23078,31545,30222,25404,25326,38697,28104,38405,27882,38967,32596,27078,28177,37472,38803,38821,48164,27277,29310,28986,30420,27219,19162,39737,27783,32891,28398,31290,41865,31964,33199,33497,30542,38747,33362,32445,29304,27848,41514,40102,20938,36590,37564,42899,30453,30244,36082,37294
26241,30818,39196,30934,32370,35397,35624,38978,34308,28839,28701,32971,32216,34226,39043,32117,21657,29411,33078,36057,33121,36863,37089,24986,29366,28253,28748,34429,38843,38011,28457,23535,39578,36994,36802,28745,35430,28568,27879,36655,31384,31688,32383,36187,49685,33295,37070,34817,35614,34183,37840,39094,33685,36474,23549,29906,28457,35472,33033,30190,34929,34430,29999,30607,36921,35077,33792,28974,35631,38509,29186,29816,27603,34850,26417,34786,27988,32817,37866,35739,21347,30850,35239,32381,29989,34189,29010,33674,34242,34520,39476,40354,37191,36316,35391,24189,31905,35671,37714,27368,40273,36909,33561,38151,35034,26774,37834,40192,31816,35576,30590,31032,34551,36474,24276,20403,31406,35322,26425,41938
33078,38383,29947,33694,41194,25388,35031,36942,33778,35365,27130,38700,21609,36313,37484,24876,37668,21799,33996,29859,33265,29657,35292,28280,25526,25969,33452,32440,37363,27515,38579,32151,36708,33823,37914,40464,29778,37168,34572,36975,33915,35262,40737,25377,26222,33141,35001,24198,30882,32382,34462,39319,25715,37136,38127,33432,30204,32891,29737,28473,30715,27221,33956,35280,32709,28388,36854,30896,36049,41631,33994,32465,29998,33635,30562,30651,31634,27406,32773,43276,25872,31565,32858,38746,34751,35405,27934,38702,29670,28825,36633,36898,29743,30108,35009,32680,29957,33612,37435,28836,25553,36470,28886,31861,33803,41956,28011,31691,31513,36245,34710,26194,29189,32542,41398,32843,36793,38272,26911,36809
26156,31056,30730,35389,27556,27573,24989,36115,22926,39340,36853,32154,44276,35936,28517,39742,33670,37336,31723,32326,29975,27615,29836,29850,24744,41548,28158,35058,40582,25717,20377,35097,32969,36256,29872,33577,30589,22512,33799,27909,35729,34253,30983,35460,31803,29625,32090,31733,32151,31940,34631,34747,32505,23377,35904,36465,29030,32787,24714,44671,28433,37763,34342,34723,34586,25881,21820,30401,23017,26591,29184,33199,30620,27547,31252,29856,40412,46505,20750,30087,42999,30998,26761,27399,21809,21924,31198,36513,41194,38053,38182,29848,38560,38791,37713,36398,30476,35578,33751,25621,32395,31761,47150,35612,28159,25463,27086,32672,29425,30789,32992,32446,31527,29693,25719,32163,37437,32719,29490,34632
33259,33397,27912,33971,31978,34114,31838,34625,33259,22654,31287,30741,36022,38591,29733,34284,30768,35247,27076,34302,34710,29894,30095,27953,33096,23361,31564,30953,32599,32086,31638,27875,34504,31469,31614,35866,31579,40267,29659,24410,31436,40421,23081,41567,41469,24390,35131,32879,37624,31297,27025,33805,31627,24437,26533,27464,26867,27747,28123,31378,29671,39139,35651,24052,34073,34057,35789,31133,32729,28912,37315,32596,36402,30932,32979,27064,32109,33823,27736,25787,24915,32413,37798,28858,31137,26278,22710,38569,36482,24537,37728,31681,25965,27651,32702,21440,42493,32312,34898,23601,46014,29734,33676,30232,29573,23458,31723,35702,34119,32237,28967,25452,39409,38783,26659,34123,25961,27796,31705,43794
23816,35947,33163,25933,36908,22744,40300,25198,35733,31002,35776,31412,38530,37544,31658,22291,27726,32918,38580,36221,28272,35833,34497,39328,32709,28587,34130,32380,34218,39735,27834,25584,33623,36819,32439,39363,35932,28157,36784,40945,28185,28812,35268,35240,46106,32503,29797,32567,28584,34638,36179,25758,30591,39441,32270,39304,35802,38838,28915,26348,35374,30849,32981,32305,36535,37603,27147,32347,33807,36274,35644,35983,29362,33592,36334,37977,21895,35656,36405,38642,33761,30616,38405,33761,42587,29678,26458,23849,24887,37962,22503,31492,36650,37741,37097,28268,39930,29887,30129,24823,29268,26948,26047,39390,35005,37649,28048,36051,33095,28198,32281,28928,30023,28000,27287,25902,37468,37605,31539,27956
31732,28452,36397,28579,25646,42227,32217,35382,40012,28259,31051,28804,22756,23125,40149,23524,22979,37296,26275,33112,33963,31446,35429,36574,33210,39924,29009,27938,27126,29680,30580,29226,27891,34475,31708,34232,32252,25266,30961,45148,29116,30274,35451,27643,28951,34162,38867,36214,34253,32196,34896,32421,38336,29494,32634,30580,28803,36282,28950,22374,27755,34093,27763,29985,30925,29120,19368,33371,34939,28434,32976,32384,27177,31418,28952,35485,31149,38414,27193,33798,33201,34477,36061,29997,26269,34779,35513,31048,30884,34675,32634,34464,31004,39816,25945,34853,37935,36851,29211,35426,35727,27573,30872,32601,33636,40558,38743,24180,37029,30881,32037,35667,29440,27082,32768,35049,29777,29589,33413,36951
30757,28293,37364,37948,34949,29524,33713,29631,40431,23793,28513,36254,22982,28732,31104,32626,33498,31010,37688,32809,28546,34015,33421,33597,33959,38931,37544,35658,35354,26940,38275,25824,37616,31648,38145,39348,33305,39680,37219,43214,30394,31370,31457,41972,37089,38686,29391,37691,31095,35534,30419,37721,41625,33270,28525,38117,28945,25291,32777,33537,32998,37235,33185,38295,33516,32562,30538,31624,35751,28435,36258,36361,37398,41438,27231,26633,25255,37472,41050,39965,36734,37485,35760,37691,23907,36085,39821,37956,28365,32929,24982,38248,35398,31298,29792,35673,30318,43450,28121,36997,29290,34692,20998,28872,31893,37542,31865,42361,33399,31281,27938,28451,28149,31625,40086,30780,31171,32429,30885,38257
33936,31008,29748,32646,24588,21429,34197,34799,36184,31538,35638,38669,31765,23324,38858,35004,34194,39851,36388,33573,30518,34707,26651,36647,39281,41234,27716,34655,29811,37084,26405,29700,38100,32471,29931,27150,30518,31927,32279,27090,28752,30311,28455,33370,43083,37171,33731,36863,39016,34134,29737,38448,38122,29054,33609,29164,34215,33733,40336,27340,28904,30817,31617,35309,43993,33028,27007,27919,28334,32142,37421,28987,36935,30076,37811,33911,37656,33421,35349,36482,28195,35654,34719,26349,39992,26867,34816,34187,29078,34456,27237,36020,35617,29455,38129,29165,30615,35512,37389,23170,38528,21102,33336,39780,34205,25688,35255,37607,36545,37718,26059,24057,30631,30631,30904,30181,29655,33129,30998,35819
36513,31457,35957,33811,26042,34960,32578,37614,21391,39114,37791,39507,33580,24560,36219,35577,41318,28537,36737,35646,31667,24396,36464,27761,35172,31800,32310,37291,34475,32168,28240,40053,23193,27988,29726,39009,28054,28344,25560,35873,32010,36333,30302,22853,28662,28680,34464,35094,26759,30240,37851,35814,29104,28221,33401,35154,27851,31350,28874,36143,34414,29703,36047,27680,32804,38357,16203,30447,35506,30733,38675,21828,38360,35650,31943,38339,44037,28283,28426,39066,35355,40817,39396,32767,31258,28960,31492,39393,37672,33685,38421,37817,35595,36007,33904,28743,38016,26911,28739,38659,38883,29924,37872,40178,30712,33732,39806,26513,40725,38982,31385,33843,28322,40569,36833,44524,35157,36163,29343,37058
33903,40742,39936,38006,34440,27673,34464,30326,39755,32762,35328,36166,32605,27553,30425,37202,20872,29330,38718,31999,30886,41594,31426,28334,26455,31756,29852,29896,39065,31974,29361,26910,35330,32735,32361,33957,37211,31905,36866,44229,34985,40514,27003,31601,38639,36391,33455,42977,38720,31603,34595,32982,30075,36657,32251,36961,30424,37748,35917,24448,36653,30779,29565,31896,29466,40089,33234,36375,26501,39519,37529,37759,31990,40552,25057,31638,43594,20857,32445,24358,25797,27351,33080,33341,33811,36459,29977,34586,25059,40049,27692,37847,43988,30286,40405,17690,28885,34565,33627,33604,32915,25963,26783,31685,35771,27084,30146,30192,38302,36057,28626,22825,40926,33956,30515,36212,37663,34914,29180,37936
32849,37787,34765,29812,38486,37379,29618,39363,30876,20609,28129,37507,32352,30815,31213,35764,38812,26818,37000,32440,33949,33091,29375,31863,40364,38478,30131,37465,38486,29174,30272,25288,38259,35287,34295,30853,26261,29274,29847,28581,38378,31103,27201,28346,38147,34033,28663,29445,38263,30426,25205,31899,39089,30357,23266,30801,31817,32759,30055,25697,36278,29145,30259,38985,36126,28983,39180,33061,25344,37103,35266,39494,41616,36478,31707,31557,37223,26295,36724,32861,35397,32585,36953,37709,36944,26165,25059,35245,29663,27762,25999,36068,23946,33709,30531,37482,29040,35385,33097,24081,32332,33200,29687,28176,37862,36540,33635,38384,34415,28258,24564,28490,38683,28472,35410,27776,29447,38202,29881,38293
30165,32421,35205,36430,35388,28243,34246,28518,29839,24711,31454,32213,23901,25112,40503,34274,35480,24739,28649,34046,35915,28816,34738,34419,32600,29553,35242,26818,38079,34306,37218,38590,27625,35812,25985,38341,28408,31767,37768,40817,34291,23454,35966,38701,18755,26007,38055,24837,33239,32420,30114,30892,27085,32467,43137,31550,23719,29785,27068,28820,29931,32168,35146,25115,27430,31744,32950,37859,29159,37540,39761,32630,21484,34282,26022,31922,28641,30416,26536,30025,31292,33074,29290,32657,22923,37051,33493,36333,33051,40351,34392,31123,32534,29489,34345,40128,30605,32173,28273,36699,22341,27611,33642,29367,34213,41709,26345,28971,29911,34923,35389,19506,27489,33661,38596,30836,17486,37407,30122,33596
41501,36200,32674,35771,31706,30690,23768,35040,32205,29397,35312,30950,32129,37344,34037,33351,31978,36136,32934,35342,35920,35726,38487,35097,35735,34264,30795,38032,33545,24641,29890,30429,35304,32402,28463,37513,32103,38077,32278,37088,35850,31239,36041,35570,25293,32661,36210,28756,34961,33339,36930,33257,29954,29806,35505,34004,35345,22517,33237,32468,38542,29407,28086,38170,21498,27108,40061,31018,28263,28507,39450,37211,32446,42083,29426,31558,36294,25180,25263,27975,27145,36169,37214,37674,24255,29664,39536,33008,35404,38038,33587,29412,32936,33238,31779,31758,25492,43056,37244,37993,20768,37312,23521,25473,37166,35462,28553,28118,37886,31969,32600,19668,34273,36671,32265,33374,33497,36714,36430,29771
29875,36964,36342,33600,31032,31486,33650,27845,34838,35766,31938,35139,34202,32578,36917,33200,23322,31509,28976,37367,31145,36921,39810,34727,26484,33195,35025,38621,29662,34078,35400,35401,34640,37793,30507,32938,28886,26353,28146,35546,27603,34322,31450,40367,31094,26980,32530,36451,34574,35376,34463,36071,33543,35865,34480,29092,31660,36614,32335,25233,36591,30310,33086,28945,23089,36289,33725,32248,34433,32798,31021,25395,21826,31304,24675,30437,28771,39700,30501,23377,20634,31183,35062,38756,29083,32122,30054,31349,22653,33189,25389,34244,39060,22982,36829,27296,33306,41807,30742,37478,21150,32193,30344,29380,32999,32253,31381,27967,35002,27388,30972,31145,32993,32845,26816,36611,39113,29347,34979,26150
40521,31775,35426,29801,29586,37576,32212,36510,33880,41220,36641,30386,36690,32826,29151,33449,26494,36515,38471,31670,35136,27313,32401,39531,35279,31787,32900,32087,36370,28772,35061,30957,39082,34272,33813,21104,34546,27816,33308,29664,32219,37490,38739,35176,28436,27501,34455,19378,31882,31501,31516,26770,37344,36598,32425,37191,36232,20018,37549,30013,29622,32547,32953,28159,31595,36138,26496,30287,39154,30270,23372,26093,31063,34504,27049,44632,28787,36330,26613,22255,28068,34788,31163,28708,25136,32074,37751,37165,30599,35342,31263,31913,33048,36092,31646,36111,30936,37477,32627,38590,27457,39747,36382,27001,31975,19328,34586,31901,17073,30068,37213,34199,35047,26774,31661,27136,34787,29399,28724,30113
41268,27674,28659,34682,31642,35355,23418,41371,28460,39391,30632,31641,29771,31295,35288,33209,29050,35958,29052,25843,37398,41017,34651,30895,34236,29998,29125,36745,30595,33817,28016,41309,38628,30723,30631,38352,38604,30924,36711,23662,27847,36729,38281,32002,31198,34340,33993,25771,31320,38204,32803,28896,31812,27383,33430,29465,32214,29191,36847,37615,34265,31907,34864,34482,37594,33911,32166,33182,26157,27129,32612,32064,36443,33316,33421,33821,33988,32777,33623,28643,40056,40713,40518,35979,29323,28477,40296,33544,26451,36290,35070,34851,26339,38331,36048,38008,37299,34244,28129,32978,21153,38269,26459,37992,34942,30294,36699,32371,37012,38689,26528,42188,33795,33253,42757,37893,24019,29173,35959,25068
27526,28010,31750,37364,26751,25775,32299,32371,34712,33228,27486,25446,31338,33526,34097,26485,25086,33334,32423,34673,32433,36551,35562,26631,35857,31180,35932,27635,35101,30496,29306,28140,33330,35142,25093,30000,27048,28098,27424,34798,33256,32003,31444,35830,36832,24828,37795,33541,26557,31864,29628,34269,31031,32861,27124,27806,30931,26135,28619,32128,27342,33578,30987,30412,35244,30610,28229,31100,31429,32141,29649,34989,33629,23856,31971,34701,27137,24766,36373,32755,29809,31752,26818,33280,34238,35785,37592,28956,33267,32495,31145,31031,31299,32530,26172,33558,30250,27086,28209,35527,34518,29685,28455,25691,38123,35454,29538,27448,26575,31578,26464,35526,29736,30494,28857,27164,32473,29738,32166,34934
25060,37293,37860,27731,26891,30064,35224,38654,32086,32357,29427,37620,37413,32289,31938,38292,36401,33879,34759,39251,29294,31749,32101,25188,36817,40002,34121,31164,30533,25764,29957,29819,36655,31363,28890,33307,33761,35835,30768,35864,34571,32812,32155,29854,39960,40139,33936,34717,31039,35645,31371,30579,43537,36048,37107,32946,25863,35718,24272,33575,42763,29917,27038,22939,38647,35288,24871,30307,26303,27882,28393,30079,30479,35981,30527,33123,40390,25538,42039,31139,30617,36581,32235,30068,41722,33130,35381,31443,45778,32215,34900,33412,39325,37827,34235,33101,27782,32905,27690,34191,41104,33202,38296,32519,37867,35922,33638,40082,34897,37403,37315,29714,33958,30154,26790,40670,27311,32140,27571,42595
23925,28581,35233,35757,33459,25062,30554,30576,28879,36642,34518,36637,37456,18748,28010,28475,36970,38726,33386,31320,29233,38742,30972,37292,33303,30470,32059,34430,31456,28045,22087,34756,25955,34568,30283,33048,29504,33879,25209,39559,32015,26557,37006,26344,34326,37395,32409,40537,25568,33556,36754,23375,37140,31539,40249,35303,29209,33199,28008,24946,38132,27986,28280,36926,22878,35365,31794,34137,31933,20302,32558,28154,36564,31773,34056,35655,33960,33399,31508,24099,35663,33488,25473,28240,39737,29899,45220,37563,32811,37267,30542,27463,37172,37600,35369,35169,29797,33940,31411,39711,37824,30748,37181,33382,33204,34279,38586,33410,38031,35477,33251,27138,39250,29481,30968,35859,36338,27595,33640,30015
